--
-- PostgreSQL database dump
--

-- Dumped from database version 12.22 (Ubuntu 12.22-0ubuntu0.20.04.4)
-- Dumped by pg_dump version 12.22 (Ubuntu 12.22-0ubuntu0.20.04.4)

SET statement_timeout = 0;
SET lock_timeout = 0;
SET idle_in_transaction_session_timeout = 0;
SET client_encoding = 'UTF8';
SET standard_conforming_strings = on;
SELECT pg_catalog.set_config('search_path', '', false);
SET check_function_bodies = false;
SET xmloption = content;
SET client_min_messages = warning;
SET row_security = off;

DROP DATABASE universe;
--
-- Name: universe; Type: DATABASE; Schema: -; Owner: freecodecamp
--

CREATE DATABASE universe WITH TEMPLATE = template0 ENCODING = 'UTF8' LC_COLLATE = 'C.UTF-8' LC_CTYPE = 'C.UTF-8';


ALTER DATABASE universe OWNER TO freecodecamp;

\connect universe

SET statement_timeout = 0;
SET lock_timeout = 0;
SET idle_in_transaction_session_timeout = 0;
SET client_encoding = 'UTF8';
SET standard_conforming_strings = on;
SELECT pg_catalog.set_config('search_path', '', false);
SET check_function_bodies = false;
SET xmloption = content;
SET client_min_messages = warning;
SET row_security = off;

SET default_tablespace = '';

SET default_table_access_method = heap;

--
-- Name: astronaut; Type: TABLE; Schema: public; Owner: freecodecamp
--

CREATE TABLE public.astronaut (
    astronaut_id integer NOT NULL,
    name character varying(100) NOT NULL,
    nationality character varying(60),
    missions integer DEFAULT 0,
    is_active boolean DEFAULT true
);


ALTER TABLE public.astronaut OWNER TO freecodecamp;

--
-- Name: astronaut_astronaut_id_seq; Type: SEQUENCE; Schema: public; Owner: freecodecamp
--

CREATE SEQUENCE public.astronaut_astronaut_id_seq
    AS integer
    START WITH 1
    INCREMENT BY 1
    NO MINVALUE
    NO MAXVALUE
    CACHE 1;


ALTER TABLE public.astronaut_astronaut_id_seq OWNER TO freecodecamp;

--
-- Name: astronaut_astronaut_id_seq; Type: SEQUENCE OWNED BY; Schema: public; Owner: freecodecamp
--

ALTER SEQUENCE public.astronaut_astronaut_id_seq OWNED BY public.astronaut.astronaut_id;


--
-- Name: galaxy; Type: TABLE; Schema: public; Owner: freecodecamp
--

CREATE TABLE public.galaxy (
    galaxy_id integer NOT NULL,
    name character varying(80) NOT NULL,
    type character varying(40) NOT NULL,
    distance_from_earth numeric,
    description text
);


ALTER TABLE public.galaxy OWNER TO freecodecamp;

--
-- Name: galaxy_galaxy_id_seq; Type: SEQUENCE; Schema: public; Owner: freecodecamp
--

CREATE SEQUENCE public.galaxy_galaxy_id_seq
    AS integer
    START WITH 1
    INCREMENT BY 1
    NO MINVALUE
    NO MAXVALUE
    CACHE 1;


ALTER TABLE public.galaxy_galaxy_id_seq OWNER TO freecodecamp;

--
-- Name: galaxy_galaxy_id_seq; Type: SEQUENCE OWNED BY; Schema: public; Owner: freecodecamp
--

ALTER SEQUENCE public.galaxy_galaxy_id_seq OWNED BY public.galaxy.galaxy_id;


--
-- Name: moon; Type: TABLE; Schema: public; Owner: freecodecamp
--

CREATE TABLE public.moon (
    moon_id integer NOT NULL,
    name character varying(100) NOT NULL,
    planet_id integer NOT NULL,
    radius numeric,
    is_spherical boolean
);


ALTER TABLE public.moon OWNER TO freecodecamp;

--
-- Name: moon_moon_id_seq; Type: SEQUENCE; Schema: public; Owner: freecodecamp
--

CREATE SEQUENCE public.moon_moon_id_seq
    AS integer
    START WITH 1
    INCREMENT BY 1
    NO MINVALUE
    NO MAXVALUE
    CACHE 1;


ALTER TABLE public.moon_moon_id_seq OWNER TO freecodecamp;

--
-- Name: moon_moon_id_seq; Type: SEQUENCE OWNED BY; Schema: public; Owner: freecodecamp
--

ALTER SEQUENCE public.moon_moon_id_seq OWNED BY public.moon.moon_id;


--
-- Name: planet; Type: TABLE; Schema: public; Owner: freecodecamp
--

CREATE TABLE public.planet (
    planet_id integer NOT NULL,
    name character varying(80) NOT NULL,
    star_id integer NOT NULL,
    has_life boolean DEFAULT false NOT NULL,
    planet_type character varying(40)
);


ALTER TABLE public.planet OWNER TO freecodecamp;

--
-- Name: planet_planet_id_seq; Type: SEQUENCE; Schema: public; Owner: freecodecamp
--

CREATE SEQUENCE public.planet_planet_id_seq
    AS integer
    START WITH 1
    INCREMENT BY 1
    NO MINVALUE
    NO MAXVALUE
    CACHE 1;


ALTER TABLE public.planet_planet_id_seq OWNER TO freecodecamp;

--
-- Name: planet_planet_id_seq; Type: SEQUENCE OWNED BY; Schema: public; Owner: freecodecamp
--

ALTER SEQUENCE public.planet_planet_id_seq OWNED BY public.planet.planet_id;


--
-- Name: star; Type: TABLE; Schema: public; Owner: freecodecamp
--

CREATE TABLE public.star (
    star_id integer NOT NULL,
    name character varying(80) NOT NULL,
    galaxy_id integer NOT NULL,
    age_in_millions_of_years integer,
    is_spherical boolean
);


ALTER TABLE public.star OWNER TO freecodecamp;

--
-- Name: star_star_id_seq; Type: SEQUENCE; Schema: public; Owner: freecodecamp
--

CREATE SEQUENCE public.star_star_id_seq
    AS integer
    START WITH 1
    INCREMENT BY 1
    NO MINVALUE
    NO MAXVALUE
    CACHE 1;


ALTER TABLE public.star_star_id_seq OWNER TO freecodecamp;

--
-- Name: star_star_id_seq; Type: SEQUENCE OWNED BY; Schema: public; Owner: freecodecamp
--

ALTER SEQUENCE public.star_star_id_seq OWNED BY public.star.star_id;


--
-- Name: astronaut astronaut_id; Type: DEFAULT; Schema: public; Owner: freecodecamp
--

ALTER TABLE ONLY public.astronaut ALTER COLUMN astronaut_id SET DEFAULT nextval('public.astronaut_astronaut_id_seq'::regclass);


--
-- Name: galaxy galaxy_id; Type: DEFAULT; Schema: public; Owner: freecodecamp
--

ALTER TABLE ONLY public.galaxy ALTER COLUMN galaxy_id SET DEFAULT nextval('public.galaxy_galaxy_id_seq'::regclass);


--
-- Name: moon moon_id; Type: DEFAULT; Schema: public; Owner: freecodecamp
--

ALTER TABLE ONLY public.moon ALTER COLUMN moon_id SET DEFAULT nextval('public.moon_moon_id_seq'::regclass);


--
-- Name: planet planet_id; Type: DEFAULT; Schema: public; Owner: freecodecamp
--

ALTER TABLE ONLY public.planet ALTER COLUMN planet_id SET DEFAULT nextval('public.planet_planet_id_seq'::regclass);


--
-- Name: star star_id; Type: DEFAULT; Schema: public; Owner: freecodecamp
--

ALTER TABLE ONLY public.star ALTER COLUMN star_id SET DEFAULT nextval('public.star_star_id_seq'::regclass);


--
-- Data for Name: astronaut; Type: TABLE DATA; Schema: public; Owner: freecodecamp
--

INSERT INTO public.astronaut VALUES (1, 'Neil Armstrong', 'USA', 2, false);
INSERT INTO public.astronaut VALUES (2, 'Yuri Gagarin', 'Russia', 1, false);
INSERT INTO public.astronaut VALUES (3, 'Valentina Tereshkova', 'Russia', 1, false);
INSERT INTO public.astronaut VALUES (4, 'Pedro Duque', 'Spain', 2, true);


--
-- Data for Name: galaxy; Type: TABLE DATA; Schema: public; Owner: freecodecamp
--

INSERT INTO public.galaxy VALUES (1, 'Milky Way', 'Spiral', 0, 'Our home galaxy');
INSERT INTO public.galaxy VALUES (2, 'Andromeda', 'Spiral', 2537000, 'Nearest large spiral galaxy');
INSERT INTO public.galaxy VALUES (3, 'Triangulum', 'Spiral', 3000000, 'Small spiral near Andromeda');
INSERT INTO public.galaxy VALUES (4, 'Large Magellanic Cloud', 'Irregular', 163000, 'Satellite of the Milky Way');
INSERT INTO public.galaxy VALUES (5, 'Small Magellanic Cloud', 'Irregular', 200000, 'Smaller satellite galaxy');
INSERT INTO public.galaxy VALUES (6, 'Sombrero Galaxy', 'Unbarred Spiral', 29000000, 'Prominent bulge and dust lane');


--
-- Data for Name: moon; Type: TABLE DATA; Schema: public; Owner: freecodecamp
--

INSERT INTO public.moon VALUES (1, 'Moon', 3, 1737.4, true);
INSERT INTO public.moon VALUES (2, 'Phobos', 4, 11.2, true);
INSERT INTO public.moon VALUES (3, 'Deimos', 4, 6.2, true);
INSERT INTO public.moon VALUES (4, 'Io', 5, 1821.6, true);
INSERT INTO public.moon VALUES (5, 'Europa', 5, 1560.8, true);
INSERT INTO public.moon VALUES (6, 'Ganymede', 5, 2634.1, true);
INSERT INTO public.moon VALUES (7, 'Callisto', 5, 2410.3, true);
INSERT INTO public.moon VALUES (8, 'Titan', 6, 2576.0, true);
INSERT INTO public.moon VALUES (9, 'Enceladus', 6, 252.1, true);
INSERT INTO public.moon VALUES (10, 'Mimas', 6, 198.2, true);
INSERT INTO public.moon VALUES (11, 'Rhea', 6, 763.8, true);
INSERT INTO public.moon VALUES (12, 'Miranda', 7, 235.8, true);
INSERT INTO public.moon VALUES (13, 'Ariel', 7, 578.9, true);
INSERT INTO public.moon VALUES (14, 'Umbriel', 7, 584.7, true);
INSERT INTO public.moon VALUES (15, 'Titania', 7, 788.9, true);
INSERT INTO public.moon VALUES (16, 'Oberon', 7, 761.4, true);
INSERT INTO public.moon VALUES (17, 'Triton', 8, 1353.4, true);
INSERT INTO public.moon VALUES (18, 'Nereid', 8, 170.0, false);
INSERT INTO public.moon VALUES (19, 'Kepler-186f I', 9, 1500.0, true);
INSERT INTO public.moon VALUES (20, 'Proxima b I', 10, 1200.0, true);


--
-- Data for Name: planet; Type: TABLE DATA; Schema: public; Owner: freecodecamp
--

INSERT INTO public.planet VALUES (1, 'Mercury', 1, false, 'Terrestrial');
INSERT INTO public.planet VALUES (2, 'Venus', 1, false, 'Terrestrial');
INSERT INTO public.planet VALUES (3, 'Earth', 1, true, 'Terrestrial');
INSERT INTO public.planet VALUES (4, 'Mars', 1, false, 'Terrestrial');
INSERT INTO public.planet VALUES (5, 'Jupiter', 1, false, 'Gas Giant');
INSERT INTO public.planet VALUES (6, 'Saturn', 1, false, 'Gas Giant');
INSERT INTO public.planet VALUES (7, 'Uranus', 1, false, 'Ice Giant');
INSERT INTO public.planet VALUES (8, 'Neptune', 1, false, 'Ice Giant');
INSERT INTO public.planet VALUES (9, 'Kepler-186f', 3, false, 'Exoplanet');
INSERT INTO public.planet VALUES (10, 'Proxima b', 3, false, 'Exoplanet');
INSERT INTO public.planet VALUES (11, 'Gliese 667 Cc', 3, false, 'Exoplanet');
INSERT INTO public.planet VALUES (12, 'HD 189733 b', 2, false, 'Hot Jupiter');


--
-- Data for Name: star; Type: TABLE DATA; Schema: public; Owner: freecodecamp
--

INSERT INTO public.star VALUES (1, 'Sun', 1, 4600, true);
INSERT INTO public.star VALUES (2, 'Alpha Centauri A', 1, 5000, true);
INSERT INTO public.star VALUES (3, 'Proxima Centauri', 1, 4500, true);
INSERT INTO public.star VALUES (4, 'Sirius', 1, 242, true);
INSERT INTO public.star VALUES (5, 'Rigel', 2, 8, true);
INSERT INTO public.star VALUES (6, 'Betelgeuse', 2, 8, true);


--
-- Name: astronaut_astronaut_id_seq; Type: SEQUENCE SET; Schema: public; Owner: freecodecamp
--

SELECT pg_catalog.setval('public.astronaut_astronaut_id_seq', 4, true);


--
-- Name: galaxy_galaxy_id_seq; Type: SEQUENCE SET; Schema: public; Owner: freecodecamp
--

SELECT pg_catalog.setval('public.galaxy_galaxy_id_seq', 6, true);


--
-- Name: moon_moon_id_seq; Type: SEQUENCE SET; Schema: public; Owner: freecodecamp
--

SELECT pg_catalog.setval('public.moon_moon_id_seq', 20, true);


--
-- Name: planet_planet_id_seq; Type: SEQUENCE SET; Schema: public; Owner: freecodecamp
--

SELECT pg_catalog.setval('public.planet_planet_id_seq', 12, true);


--
-- Name: star_star_id_seq; Type: SEQUENCE SET; Schema: public; Owner: freecodecamp
--

SELECT pg_catalog.setval('public.star_star_id_seq', 6, true);


--
-- Name: astronaut astronaut_name_key; Type: CONSTRAINT; Schema: public; Owner: freecodecamp
--

ALTER TABLE ONLY public.astronaut
    ADD CONSTRAINT astronaut_name_key UNIQUE (name);


--
-- Name: astronaut astronaut_pkey; Type: CONSTRAINT; Schema: public; Owner: freecodecamp
--

ALTER TABLE ONLY public.astronaut
    ADD CONSTRAINT astronaut_pkey PRIMARY KEY (astronaut_id);


--
-- Name: galaxy galaxy_name_key; Type: CONSTRAINT; Schema: public; Owner: freecodecamp
--

ALTER TABLE ONLY public.galaxy
    ADD CONSTRAINT galaxy_name_key UNIQUE (name);


--
-- Name: galaxy galaxy_pkey; Type: CONSTRAINT; Schema: public; Owner: freecodecamp
--

ALTER TABLE ONLY public.galaxy
    ADD CONSTRAINT galaxy_pkey PRIMARY KEY (galaxy_id);


--
-- Name: moon moon_name_key; Type: CONSTRAINT; Schema: public; Owner: freecodecamp
--

ALTER TABLE ONLY public.moon
    ADD CONSTRAINT moon_name_key UNIQUE (name);


--
-- Name: moon moon_pkey; Type: CONSTRAINT; Schema: public; Owner: freecodecamp
--

ALTER TABLE ONLY public.moon
    ADD CONSTRAINT moon_pkey PRIMARY KEY (moon_id);


--
-- Name: planet planet_name_key; Type: CONSTRAINT; Schema: public; Owner: freecodecamp
--

ALTER TABLE ONLY public.planet
    ADD CONSTRAINT planet_name_key UNIQUE (name);


--
-- Name: planet planet_pkey; Type: CONSTRAINT; Schema: public; Owner: freecodecamp
--

ALTER TABLE ONLY public.planet
    ADD CONSTRAINT planet_pkey PRIMARY KEY (planet_id);


--
-- Name: star star_name_key; Type: CONSTRAINT; Schema: public; Owner: freecodecamp
--

ALTER TABLE ONLY public.star
    ADD CONSTRAINT star_name_key UNIQUE (name);


--
-- Name: star star_pkey; Type: CONSTRAINT; Schema: public; Owner: freecodecamp
--

ALTER TABLE ONLY public.star
    ADD CONSTRAINT star_pkey PRIMARY KEY (star_id);


--
-- Name: moon moon_planet_id_fkey; Type: FK CONSTRAINT; Schema: public; Owner: freecodecamp
--

ALTER TABLE ONLY public.moon
    ADD CONSTRAINT moon_planet_id_fkey FOREIGN KEY (planet_id) REFERENCES public.planet(planet_id);


--
-- Name: planet planet_star_id_fkey; Type: FK CONSTRAINT; Schema: public; Owner: freecodecamp
--

ALTER TABLE ONLY public.planet
    ADD CONSTRAINT planet_star_id_fkey FOREIGN KEY (star_id) REFERENCES public.star(star_id);


--
-- Name: star star_galaxy_id_fkey; Type: FK CONSTRAINT; Schema: public; Owner: freecodecamp
--

ALTER TABLE ONLY public.star
    ADD CONSTRAINT star_galaxy_id_fkey FOREIGN KEY (galaxy_id) REFERENCES public.galaxy(galaxy_id);


--
-- PostgreSQL database dump complete
--

